,mean,median,std
daily_steps,6546.562363238512,5986.0,5395.535795470451
distance,4.663522971541309,4.09000015258789,4.079836128154211
calories,2189.45295404814,2062.0,815.037804428324
